Timestamp IST,Total_Volume,Avg_Trade_Size,Trade_Count,Total_PnL,Avg_PnL,Buy_Count,Sell_Count,Total_Fees,Date,date,value,classification
2023-05-01,477.0,159.0,3,0.0,0.0,3,0,0.0,2023-05-01,2023-05-01,63.0,Greed
2023-12-05,50005.83,5556.2,9,0.0,0.0,7,2,12.5,2023-12-05,2023-12-05,75.0,Extreme Greed
2023-12-14,113203.35,10291.21,11,-205.43,-18.68,5,6,28.3,2023-12-14,2023-12-14,72.0,Greed
2023-12-15,10609.95,5304.98,2,-24.63,-12.32,2,0,2.65,2023-12-15,2023-12-15,70.0,Greed
2023-12-16,15348.77,5116.26,3,0.0,0.0,3,0,3.84,2023-12-16,2023-12-16,67.0,Greed
2023-12-17,116278.02,8305.57,14,304.98,21.78,3,11,29.07,2023-12-17,2023-12-17,73.0,Greed
2023-12-18,31164.18,15582.09,2,0.0,0.0,2,0,7.79,2023-12-18,2023-12-18,65.0,Greed
2023-12-19,91602.41,6106.83,15,1000.54,66.7,5,10,22.9,2023-12-19,2023-12-19,73.0,Greed
2023-12-20,141636.79,7868.71,18,162.73,9.04,10,8,35.41,2023-12-20,2023-12-20,74.0,Greed
2023-12-21,125233.97,2555.8,49,537.21,10.96,22,27,31.31,2023-12-21,2023-12-21,70.0,Greed
2023-12-22,88874.28,8887.43,10,141.83,14.18,8,2,22.22,2023-12-22,2023-12-22,74.0,Greed
2023-12-23,78438.25,6033.71,13,146.94,11.3,5,8,19.61,2023-12-23,2023-12-23,70.0,Greed
2023-12-24,402954.94,10332.18,39,1008.62,25.86,21,18,100.74,2023-12-24,2023-12-24,71.0,Greed
2023-12-25,59948.51,19982.84,3,-245.08,-81.69,2,1,14.99,2023-12-25,2023-12-25,73.0,Greed
2023-12-27,171411.06,6121.82,28,-704.89,-25.17,15,13,42.85,2023-12-27,2023-12-27,73.0,Greed
2023-12-28,100117.25,4352.92,23,-970.73,-42.21,10,13,25.03,2023-12-28,2023-12-28,73.0,Greed
2023-12-29,569559.72,11391.19,50,508.92,10.18,31,19,142.39,2023-12-29,2023-12-29,65.0,Greed
2023-12-30,702550.21,13510.58,52,355.0,6.83,20,32,175.64,2023-12-30,2023-12-30,68.0,Greed
2024-01-01,264239.53,14679.97,18,-129.53,-7.2,10,8,66.06,2024-01-01,2024-01-01,65.0,Greed
2024-01-02,121348.74,7138.16,17,783.98,46.12,9,8,30.34,2024-01-02,2024-01-02,71.0,Greed
2024-01-03,394499.36,5888.05,67,866.02,12.93,32,35,98.62,2024-01-03,2024-01-03,70.0,Greed
2024-01-04,99792.54,19958.51,5,-67.6,-13.52,2,3,24.95,2024-01-04,2024-01-04,68.0,Greed
2024-01-05,1703942.66,25817.31,66,164.14,2.49,31,35,425.99,2024-01-05,2024-01-05,72.0,Greed
2024-01-06,298521.4,13569.15,22,135.58,6.16,11,11,74.63,2024-01-06,2024-01-06,70.0,Greed
2024-01-07,1048850.06,10812.89,97,-835.68,-8.62,52,45,262.21,2024-01-07,2024-01-07,71.0,Greed
2024-01-08,1522452.43,11894.16,128,-269.87,-2.11,40,88,380.61,2024-01-08,2024-01-08,71.0,Greed
2024-01-09,870051.97,12429.31,70,-826.35,-11.8,28,42,204.01,2024-01-09,2024-01-09,76.0,Extreme Greed
2024-01-10,2057479.48,10660.52,193,-1517.09,-7.86,92,101,434.04,2024-01-10,2024-01-10,73.0,Greed
2024-01-11,305314.1,14538.77,21,-164.09,-7.81,13,8,75.87,2024-01-11,2024-01-11,76.0,Extreme Greed
2024-01-12,200082.27,28583.18,7,-1925.52,-275.07,5,2,49.48,2024-01-12,2024-01-12,71.0,Greed
2024-01-15,50636.1,3616.86,14,152.85,10.92,5,9,12.65,2024-01-15,2024-01-15,52.0,Neutral
2024-01-16,116427.33,12936.37,9,-2299.17,-255.46,4,5,17.32,2024-01-16,2024-01-16,64.0,Greed
2024-01-17,800831.03,15110.02,53,813.27,15.34,31,22,159.71,2024-01-17,2024-01-17,60.0,Greed
2024-01-18,424631.53,9231.12,46,68.93,1.5,18,28,92.66,2024-01-18,2024-01-18,63.0,Greed
2024-01-19,428428.97,8925.6,48,-385.42,-8.03,31,17,93.05,2024-01-19,2024-01-19,51.0,Neutral
2024-01-20,1070090.51,10095.19,106,-146.57,-1.38,60,46,267.52,2024-01-20,2024-01-20,52.0,Neutral
2024-01-21,103129.74,9375.43,11,266.58,24.23,3,8,25.78,2024-01-21,2024-01-21,56.0,Greed
2024-01-22,337878.99,3975.05,85,1375.64,16.18,51,34,67.48,2024-01-22,2024-01-22,55.0,Greed
2024-01-23,414518.93,9211.53,45,-369.24,-8.21,33,12,85.72,2024-01-23,2024-01-23,50.0,Neutral
2024-01-24,965084.59,14192.42,68,-2808.35,-41.3,27,41,227.77,2024-01-24,2024-01-24,48.0,Neutral
2024-01-25,66566.13,11094.36,6,-3093.63,-515.6,0,6,16.64,2024-01-25,2024-01-25,52.0,Neutral
2024-01-26,11773.21,2354.64,5,90.2,18.04,4,1,0.44,2024-01-26,2024-01-26,49.0,Neutral
2024-01-28,18109.03,1646.28,11,-2478.07,-225.28,0,11,-0.36,2024-01-28,2024-01-28,54.0,Neutral
2024-01-29,414208.18,5597.41,74,486.56,6.58,21,53,103.26,2024-01-29,2024-01-29,55.0,Greed
2024-01-30,401011.38,8183.91,49,-173.65,-3.54,28,21,100.25,2024-01-30,2024-01-30,61.0,Greed
2024-01-31,6305647.13,7340.68,859,-799.84,-0.93,470,389,1549.41,2024-01-31,2024-01-31,60.0,Greed
2024-02-01,2008.18,334.7,6,0.0,0.0,6,0,0.5,2024-02-01,2024-02-01,63.0,Greed
2024-02-02,474278.43,11292.34,42,456.42,10.87,19,23,91.57,2024-02-02,2024-02-02,63.0,Greed
2024-02-03,603820.0,10782.5,56,223.31,3.99,18,38,109.66,2024-02-03,2024-02-03,60.0,Greed
2024-02-04,203187.53,5805.36,35,47.62,1.36,19,16,50.53,2024-02-04,2024-02-04,60.0,Greed
2024-02-05,770198.26,10697.2,72,-33.45,-0.46,33,39,165.55,2024-02-05,2024-02-05,60.0,Greed
2024-02-06,8047153.41,7396.28,1088,-215.62,-0.2,518,570,988.61,2024-02-06,2024-02-06,64.0,Greed
2024-02-07,6758.73,450.58,15,241.24,16.08,7,8,0.34,2024-02-07,2024-02-07,62.0,Greed
2024-02-08,26051.12,2605.11,10,770.76,77.08,2,8,3.0,2024-02-08,2024-02-08,66.0,Greed
2024-02-11,212311.82,6244.47,34,983.44,28.92,23,11,24.96,2024-02-11,2024-02-11,71.0,Greed
2024-02-12,227247.7,14202.98,16,913.88,57.12,11,5,27.11,2024-02-12,2024-02-12,70.0,Greed
2024-02-13,1999.99,142.86,14,559.44,39.96,0,14,-0.04,2024-02-13,2024-02-13,79.0,Extreme Greed
2024-02-14,320839.88,2890.45,111,3830.6,34.51,34,77,22.92,2024-02-14,2024-02-14,74.0,Greed
2024-02-15,185188.04,2939.49,63,1840.8,29.22,52,11,30.71,2024-02-15,2024-02-15,72.0,Greed
2024-02-16,564896.51,3103.83,182,5491.77,30.17,115,67,27.23,2024-02-16,2024-02-16,72.0,Greed
2024-02-17,406118.07,4320.4,94,1929.64,20.53,50,44,62.06,2024-02-17,2024-02-17,76.0,Extreme Greed
2024-02-18,157048.17,1619.05,97,477.62,4.92,38,59,-3.14,2024-02-18,2024-02-18,72.0,Greed
2024-02-19,286377.2,2835.42,101,4317.77,42.75,41,60,14.85,2024-02-19,2024-02-19,75.0,Extreme Greed
2024-02-20,119419.72,3062.04,39,3263.63,83.68,13,26,3.07,2024-02-20,2024-02-20,72.0,Greed
2024-02-21,108047.52,4911.25,22,1858.8,84.49,7,15,2.97,2024-02-21,2024-02-21,78.0,Extreme Greed
2024-02-22,373033.87,4239.02,88,3894.11,44.25,35,53,25.45,2024-02-22,2024-02-22,74.0,Greed
2024-02-23,111106.14,776.97,143,1418.55,9.92,131,12,-2.07,2024-02-23,2024-02-23,76.0,Extreme Greed
2024-02-25,4480.13,896.03,5,-30.77,-6.15,2,3,-0.09,2024-02-25,2024-02-25,74.0,Greed
2024-02-26,192187.14,4927.88,39,4416.85,113.25,27,12,-0.1,2024-02-26,2024-02-26,72.0,Greed
2024-02-27,209362.3,3323.21,63,888.51,14.1,33,30,-3.76,2024-02-27,2024-02-27,79.0,Extreme Greed
2024-02-28,171107.13,3802.38,45,2503.75,55.64,31,14,-1.38,2024-02-28,2024-02-28,82.0,Extreme Greed
2024-02-29,395666.73,3410.92,116,9814.0,84.6,60,56,1.36,2024-02-29,2024-02-29,80.0,Extreme Greed
2024-03-01,472974.7,3452.37,137,8244.24,60.18,37,100,-0.55,2024-03-01,2024-03-01,80.0,Extreme Greed
2024-03-02,63197.56,2038.63,31,230.9,7.45,28,3,-0.47,2024-03-02,2024-03-02,80.0,Extreme Greed
2024-03-03,390745.68,4946.15,79,8361.09,105.84,36,43,-2.51,2024-03-03,2024-03-03,83.0,Extreme Greed
2024-03-04,1577996.87,5259.99,300,27799.78,92.67,161,139,-0.56,2024-03-04,2024-03-04,82.0,Extreme Greed
2024-03-05,841810.32,4676.72,180,19791.03,109.95,55,125,-4.44,2024-03-05,2024-03-05,90.0,Extreme Greed
2024-03-06,327218.02,3990.46,82,6814.83,83.11,49,33,-3.36,2024-03-06,2024-03-06,75.0,Extreme Greed
2024-03-08,183583.18,2740.05,67,4271.89,63.76,19,48,-3.67,2024-03-08,2024-03-08,81.0,Extreme Greed
2024-03-09,658178.75,5625.46,117,9949.5,85.04,83,34,1.85,2024-03-09,2024-03-09,84.0,Extreme Greed
2024-03-10,219973.85,5237.47,42,2482.93,59.12,38,4,2.28,2024-03-10,2024-03-10,79.0,Extreme Greed
2024-03-11,176519.45,4202.84,42,3588.18,85.43,12,30,8.47,2024-03-11,2024-03-11,82.0,Extreme Greed
2024-03-12,103040.85,12880.11,8,3039.17,379.9,1,7,4.95,2024-03-12,2024-03-12,81.0,Extreme Greed
2024-03-13,6000.8,857.26,7,0.0,0.0,7,0,2.1,2024-03-13,2024-03-13,81.0,Extreme Greed
2024-03-14,205933.18,11440.73,18,3465.87,192.55,2,16,11.72,2024-03-14,2024-03-14,88.0,Extreme Greed
2024-03-15,351894.41,5675.72,62,6236.51,100.59,26,36,49.49,2024-03-15,2024-03-15,83.0,Extreme Greed
2024-03-16,37223.66,4652.96,8,228.58,28.57,5,3,10.53,2024-03-16,2024-03-16,81.0,Extreme Greed
2024-03-17,99506.95,4326.39,23,503.29,21.88,18,5,33.76,2024-03-17,2024-03-17,79.0,Extreme Greed
2024-03-18,90458.08,4760.95,19,1456.96,76.68,13,6,24.94,2024-03-18,2024-03-18,77.0,Extreme Greed
2024-03-19,219884.84,9161.87,24,668.8,27.87,17,7,25.99,2024-03-19,2024-03-19,79.0,Extreme Greed
2024-03-20,215705.85,3126.17,69,6423.13,93.09,29,40,39.88,2024-03-20,2024-03-20,74.0,Greed
2024-03-21,117895.57,4210.56,28,2335.51,83.41,26,2,16.39,2024-03-21,2024-03-21,78.0,Extreme Greed
2024-03-24,92592.21,4873.27,19,1297.02,68.26,15,4,8.89,2024-03-24,2024-03-24,74.0,Greed
2024-03-25,57116.32,8159.47,7,1302.92,186.13,0,7,19.99,2024-03-25,2024-03-25,75.0,Extreme Greed
2024-03-26,198565.19,1682.76,118,3215.91,27.25,8,110,28.15,2024-03-26,2024-03-26,81.0,Extreme Greed
2024-03-27,99864.79,2628.02,38,150.41,3.96,19,19,31.72,2024-03-27,2024-03-27,83.0,Extreme Greed
2024-03-28,35323.72,2717.21,13,227.85,17.53,12,1,9.06,2024-03-28,2024-03-28,80.0,Extreme Greed
2024-03-29,86914.37,5794.29,15,883.1,58.87,9,6,30.42,2024-03-29,2024-03-29,79.0,Extreme Greed
2024-03-30,101103.92,2246.75,45,1100.58,24.46,1,44,9.94,2024-03-30,2024-03-30,75.0,Extreme Greed
2024-03-31,39912.96,3070.23,13,912.79,70.21,0,13,13.97,2024-03-31,2024-03-31,75.0,Extreme Greed
2024-04-01,339470.47,4408.71,77,2507.96,32.57,32,45,83.75,2024-04-01,2024-04-01,79.0,Extreme Greed
2024-04-02,239664.51,5845.48,41,883.76,21.56,10,31,80.13,2024-04-02,2024-04-02,79.0,Extreme Greed
2024-04-03,16887.57,4221.89,4,126.79,31.7,3,1,1.66,2024-04-03,2024-04-03,71.0,Greed
2024-04-04,95987.73,2999.62,32,0.0,0.0,0,32,33.6,2024-04-04,2024-04-04,70.0,Greed
2024-04-05,503791.8,5037.92,100,10706.48,107.06,17,83,103.43,2024-04-05,2024-04-05,79.0,Extreme Greed
2024-04-06,68223.67,4263.98,16,236.34,14.77,0,16,23.88,2024-04-06,2024-04-06,75.0,Extreme Greed
2024-04-07,49988.14,2173.4,23,0.0,0.0,0,23,17.5,2024-04-07,2024-04-07,78.0,Extreme Greed
2024-04-08,211940.64,7064.69,30,1218.43,40.61,1,29,61.79,2024-04-08,2024-04-08,76.0,Extreme Greed
2024-04-09,57063.84,19021.28,3,0.0,0.0,0,3,19.97,2024-04-09,2024-04-09,80.0,Extreme Greed
2024-04-10,351735.97,8578.93,41,5207.44,127.01,40,1,123.11,2024-04-10,2024-04-10,78.0,Extreme Greed
2024-04-11,76400.96,4775.06,16,389.74,24.36,14,2,26.74,2024-04-11,2024-04-11,76.0,Extreme Greed
2024-04-12,442088.59,3427.04,129,-592.65,-4.59,43,86,97.56,2024-04-12,2024-04-12,79.0,Extreme Greed
2024-04-13,486411.25,5465.29,89,6621.45,74.4,46,43,119.0,2024-04-13,2024-04-13,72.0,Greed
2024-04-14,659162.17,6160.39,107,-36104.01,-337.42,46,61,213.48,2024-04-14,2024-04-14,72.0,Greed
2024-04-15,291111.19,7100.27,41,3774.09,92.05,18,23,40.65,2024-04-15,2024-04-15,74.0,Greed
2024-04-16,181907.17,3870.37,47,2467.7,52.5,31,16,18.46,2024-04-16,2024-04-16,65.0,Greed
2024-04-17,97562.99,6968.79,14,2441.47,174.39,13,1,10.62,2024-04-17,2024-04-17,67.0,Greed
2024-04-19,337257.92,9635.94,35,1946.45,55.61,5,30,118.04,2024-04-19,2024-04-19,66.0,Greed
2024-04-20,60733.24,2760.6,22,0.0,0.0,20,2,121.29,2024-04-20,2024-04-20,66.0,Greed
2024-04-22,47993.61,5332.62,9,0.0,0.0,0,9,16.8,2024-04-22,2024-04-22,73.0,Greed
2024-04-23,233054.9,3531.13,66,1119.54,16.96,37,29,71.31,2024-04-23,2024-04-23,71.0,Greed
2024-04-24,141275.24,7063.76,20,279.19,13.96,13,7,49.45,2024-04-24,2024-04-24,72.0,Greed
2024-04-25,120241.01,1624.88,74,0.0,0.0,74,0,160.16,2024-04-25,2024-04-25,72.0,Greed
2024-04-26,4988.29,1662.76,3,0.0,0.0,0,3,1.75,2024-04-26,2024-04-26,70.0,Greed
2024-04-27,154264.47,5713.5,27,4281.49,158.57,0,27,53.99,2024-04-27,2024-04-27,67.0,Greed
2024-04-28,43985.6,758.37,58,0.0,0.0,0,58,15.39,2024-04-28,2024-04-28,65.0,Greed
2024-04-29,108699.01,2415.53,45,526.93,11.71,24,21,38.04,2024-04-29,2024-04-29,67.0,Greed
2024-04-30,125018.75,5209.11,24,0.0,0.0,24,0,43.76,2024-04-30,2024-04-30,67.0,Greed
2024-05-01,87025.45,6216.1,14,0.0,0.0,14,0,30.46,2024-05-01,2024-05-01,54.0,Neutral
2024-05-03,282682.65,7852.3,36,5306.02,147.39,3,33,98.91,2024-05-03,2024-05-03,48.0,Neutral
2024-05-04,58998.75,6555.42,9,0.0,0.0,0,9,20.65,2024-05-04,2024-05-04,67.0,Greed
2024-05-05,24068.35,4011.39,6,0.92,0.15,1,5,8.41,2024-05-05,2024-05-05,69.0,Greed
2024-05-06,206016.43,22890.71,9,968.59,107.62,8,1,72.11,2024-05-06,2024-05-06,71.0,Greed
2024-05-07,108717.58,6039.87,18,883.54,49.09,6,12,38.04,2024-05-07,2024-05-07,68.0,Greed
2024-05-08,65973.57,5074.89,13,1.57,0.12,12,1,23.08,2024-05-08,2024-05-08,64.0,Greed
2024-05-09,221966.12,7927.36,28,1147.6,40.99,9,19,77.69,2024-05-09,2024-05-09,55.0,Greed
2024-05-10,156882.0,7131.0,22,2101.74,95.53,16,6,54.91,2024-05-10,2024-05-10,66.0,Greed
2024-05-11,63248.95,7027.66,9,251.6,27.96,0,9,22.14,2024-05-11,2024-05-11,53.0,Neutral
2024-05-12,55179.56,2399.11,23,0.0,0.0,17,6,19.31,2024-05-12,2024-05-12,56.0,Greed
2024-05-13,193118.9,6897.1,28,2136.85,76.32,5,23,67.59,2024-05-13,2024-05-13,57.0,Greed
2024-05-14,145853.4,6341.45,23,1150.52,50.02,23,0,51.05,2024-05-14,2024-05-14,66.0,Greed
2024-05-15,234922.57,6525.63,36,948.97,26.36,11,25,82.22,2024-05-15,2024-05-15,64.0,Greed
2024-05-16,162620.96,6023.0,27,214.59,7.95,14,13,56.92,2024-05-16,2024-05-16,70.0,Greed
2024-05-18,126303.14,5052.13,25,3522.39,140.9,7,18,44.21,2024-05-18,2024-05-18,73.0,Greed
2024-05-19,29998.09,3749.76,8,0.0,0.0,8,0,10.5,2024-05-19,2024-05-19,72.0,Greed
2024-05-20,38124.75,3812.48,10,-74.82,-7.48,7,3,13.34,2024-05-20,2024-05-20,70.0,Greed
2024-05-21,1100948.59,8807.59,125,7289.4,58.32,29,96,385.33,2024-05-21,2024-05-21,76.0,Extreme Greed
2024-05-22,44995.29,7499.22,6,0.0,0.0,0,6,15.75,2024-05-22,2024-05-22,76.0,Extreme Greed
2024-05-23,401850.6,1236.46,325,413.35,1.27,189,136,113.43,2024-05-23,2024-05-23,76.0,Extreme Greed
2024-05-24,50811.9,25405.95,2,821.95,410.97,0,2,17.78,2024-05-24,2024-05-24,74.0,Greed
2024-05-25,29991.13,1874.45,16,14.13,0.88,7,9,10.25,2024-05-25,2024-05-25,76.0,Extreme Greed
2024-05-26,53976.67,3373.54,16,778.68,48.67,2,14,18.77,2024-05-26,2024-05-26,75.0,Extreme Greed
2024-05-27,151115.72,602.05,251,1129.36,4.5,93,158,45.83,2024-05-27,2024-05-27,74.0,Greed
2024-05-29,84268.76,513.83,164,277.79,1.69,67,97,36.88,2024-05-29,2024-05-29,72.0,Greed
2024-05-30,2838.09,405.44,7,20.95,2.99,5,2,0.99,2024-05-30,2024-05-30,73.0,Greed
2024-05-31,3636.14,279.7,13,25.36,1.95,4,9,1.27,2024-05-31,2024-05-31,73.0,Greed
2024-06-01,12834.62,513.38,25,91.51,3.66,9,16,4.49,2024-06-01,2024-06-01,72.0,Greed
2024-06-02,29464.51,316.82,93,192.91,2.07,34,59,7.79,2024-06-02,2024-06-02,73.0,Greed
2024-06-03,21466.86,306.67,70,562.81,8.04,44,26,5.38,2024-06-03,2024-06-03,73.0,Greed
2024-06-04,24243.41,457.42,53,52.21,0.99,25,28,7.43,2024-06-04,2024-06-04,73.0,Greed
2024-06-05,25350.77,469.46,54,56.06,1.04,17,37,7.1,2024-06-05,2024-06-05,75.0,Extreme Greed
2024-06-06,137557.76,587.85,234,274.17,1.17,102,132,37.08,2024-06-06,2024-06-06,78.0,Extreme Greed
2024-06-07,1098588.76,2496.79,440,8902.47,20.23,181,259,372.96,2024-06-07,2024-06-07,77.0,Extreme Greed
2024-06-08,97351.88,3356.96,29,129.14,4.45,21,8,34.07,2024-06-08,2024-06-08,72.0,Greed
2024-06-09,22410.22,1318.25,17,0.0,0.0,17,0,7.52,2024-06-09,2024-06-09,75.0,Extreme Greed
2024-06-10,46587.93,879.02,53,31.27,0.59,22,31,14.7,2024-06-10,2024-06-10,72.0,Greed
2024-06-11,373279.92,3034.8,123,4320.63,35.13,114,9,129.93,2024-06-11,2024-06-11,74.0,Greed
2024-06-12,193407.96,761.45,254,-21886.53,-86.17,115,139,63.92,2024-06-12,2024-06-12,72.0,Greed
2024-06-13,132577.22,1678.19,79,6632.76,83.96,76,3,33.4,2024-06-13,2024-06-13,70.0,Greed
2024-06-14,139868.66,4511.89,31,10258.59,330.92,31,0,38.95,2024-06-14,2024-06-14,74.0,Greed
2024-06-15,718350.25,9209.62,78,3369.96,43.2,9,69,251.42,2024-06-15,2024-06-15,74.0,Greed
2024-06-16,25235.08,2294.1,11,0.0,0.0,0,11,8.83,2024-06-16,2024-06-16,71.0,Greed
2024-06-17,368380.12,9694.21,38,10599.5,278.93,32,6,128.93,2024-06-17,2024-06-17,71.0,Greed
2024-06-18,263314.79,10532.59,25,282.58,11.3,21,4,67.16,2024-06-18,2024-06-18,74.0,Greed
2024-06-19,417071.12,6837.23,61,4887.66,80.13,3,58,138.85,2024-06-19,2024-06-19,64.0,Greed
2024-06-20,207990.8,5333.1,39,57478.46,1473.81,0,39,13.47,2024-06-20,2024-06-20,60.0,Greed
2024-06-21,176264.49,2203.31,80,773.56,9.67,68,12,61.28,2024-06-21,2024-06-21,63.0,Greed
2024-06-22,169594.27,7066.43,24,756.88,31.54,4,20,40.53,2024-06-22,2024-06-22,53.0,Neutral
2024-06-23,1792.12,358.42,5,0.0,0.0,0,5,0.18,2024-06-23,2024-06-23,55.0,Greed
2024-06-24,403002.8,13000.09,31,0.0,0.0,25,6,103.55,2024-06-24,2024-06-24,51.0,Neutral
2024-06-25,103099.08,2104.06,49,4869.35,99.37,11,38,36.08,2024-06-25,2024-06-25,30.0,Fear
2024-06-26,365190.66,5072.09,72,4197.73,58.3,41,31,127.55,2024-06-26,2024-06-26,46.0,Neutral
2024-06-27,130486.95,4349.56,30,0.0,0.0,12,18,45.56,2024-06-27,2024-06-27,40.0,Fear
2024-06-29,280095.11,3734.6,75,6150.33,82.0,35,40,460.3,2024-06-29,2024-06-29,30.0,Fear
2024-06-30,30520.69,2180.05,14,0.0,0.0,5,9,17.06,2024-06-30,2024-06-30,47.0,Neutral
2024-07-01,362670.15,5666.72,64,5065.84,79.15,6,58,425.32,2024-07-01,2024-07-01,53.0,Neutral
2024-07-02,33347.47,1852.64,18,2421.25,134.51,13,5,11.46,2024-07-02,2024-07-02,51.0,Neutral
2024-07-03,179600.66,9977.81,18,1118.39,62.13,18,0,62.63,2024-07-03,2024-07-03,50.0,Neutral
2024-07-04,430568.01,17222.72,25,0.0,0.0,25,0,113.02,2024-07-04,2024-07-04,44.0,Fear
2024-07-05,272289.89,8509.06,32,0.0,0.0,32,0,95.13,2024-07-05,2024-07-05,29.0,Fear
2024-07-06,2490.17,103.76,24,108.87,4.54,17,7,344.35,2024-07-06,2024-07-06,26.0,Fear
2024-07-07,498.75,49.88,10,61.43,6.14,0,10,0.05,2024-07-07,2024-07-07,29.0,Fear
2024-07-08,497.64,497.64,1,0.0,0.0,1,0,0.02,2024-07-08,2024-07-08,28.0,Fear
2024-07-09,2736.45,182.43,15,648.98,43.27,0,15,0.4,2024-07-09,2024-07-09,27.0,Fear
2024-07-10,687900.21,12283.93,56,11977.73,213.89,10,46,240.77,2024-07-10,2024-07-10,28.0,Fear
2024-07-11,169887.02,8941.42,19,1876.81,98.78,10,9,59.46,2024-07-11,2024-07-11,29.0,Fear
2024-07-12,89582.97,4714.89,19,1412.31,74.33,19,0,31.35,2024-07-12,2024-07-12,25.0,Fear
2024-07-13,139189.19,8187.6,17,2913.62,171.39,0,17,48.72,2024-07-13,2024-07-13,25.0,Fear
2024-07-14,84001.13,12000.16,7,0.0,0.0,0,7,29.4,2024-07-14,2024-07-14,33.0,Fear
2024-07-15,198344.85,7628.65,26,-1.0,-0.04,2,24,69.0,2024-07-15,2024-07-15,52.0,Neutral
2024-07-16,144000.57,6545.48,22,0.0,0.0,0,22,50.4,2024-07-16,2024-07-16,65.0,Greed
2024-07-17,626005.53,1783.49,351,1859.27,5.3,155,196,206.6,2024-07-17,2024-07-17,69.0,Greed
2024-07-18,649704.85,10828.41,60,3803.88,63.4,60,0,227.4,2024-07-18,2024-07-18,61.0,Greed
2024-07-19,150269.42,6533.45,23,2155.89,93.73,1,22,52.59,2024-07-19,2024-07-19,60.0,Greed
2024-07-20,244362.21,918.65,266,2299.17,8.64,41,225,80.76,2024-07-20,2024-07-20,74.0,Greed
2024-07-21,234307.46,523.01,448,-2960.72,-6.61,239,209,64.72,2024-07-21,2024-07-21,74.0,Greed
2024-07-22,304213.8,1975.41,154,1517.12,9.85,103,51,97.46,2024-07-22,2024-07-22,70.0,Greed
2024-07-23,358526.54,968.99,370,89890.3,242.95,137,233,59.24,2024-07-23,2024-07-23,71.0,Greed
2024-07-24,69207.93,768.98,90,625.56,6.95,54,36,55.07,2024-07-24,2024-07-24,69.0,Greed
2024-07-25,528555.31,6776.35,78,916.74,11.75,77,1,224.19,2024-07-25,2024-07-25,68.0,Greed
2024-07-26,548587.65,3609.13,152,2766.51,18.2,43,109,206.57,2024-07-26,2024-07-26,68.0,Greed
2024-07-27,905199.75,15880.7,57,6400.62,112.29,9,48,316.82,2024-07-27,2024-07-27,72.0,Greed
2024-07-28,43254.68,2703.42,16,587.3,36.71,15,1,15.14,2024-07-28,2024-07-28,71.0,Greed
2024-07-29,327199.14,8389.72,39,330.8,8.48,18,21,114.52,2024-07-29,2024-07-29,74.0,Greed
2024-07-30,36006.47,6001.08,6,0.0,0.0,6,0,12.6,2024-07-30,2024-07-30,67.0,Greed
2024-07-31,84506.54,1965.27,43,765.69,17.81,17,26,29.58,2024-07-31,2024-07-31,61.0,Greed
2024-08-01,227774.53,3996.04,57,167.08,2.93,47,10,108.1,2024-08-01,2024-08-01,52.0,Neutral
2024-08-02,396320.37,6290.8,63,782.37,12.42,42,21,145.52,2024-08-02,2024-08-02,57.0,Greed
2024-08-03,290532.86,7852.24,37,464.19,12.55,36,1,108.65,2024-08-03,2024-08-03,37.0,Fear
2024-08-04,1207744.07,9509.8,127,-122672.0,-965.92,60,67,445.9,2024-08-04,2024-08-04,34.0,Fear
2024-08-05,420495.4,5256.19,80,-13013.67,-162.67,41,39,202.72,2024-08-05,2024-08-05,26.0,Fear
2024-08-06,61478.38,574.56,107,267.32,2.5,76,31,62.62,2024-08-06,2024-08-06,17.0,Extreme Fear
2024-08-07,2492.77,75.54,33,188.79,5.72,12,21,3.75,2024-08-07,2024-08-07,29.0,Fear
2024-08-08,16299.35,1811.04,9,-40.71,-4.52,5,4,6.65,2024-08-08,2024-08-08,20.0,Extreme Fear
2024-08-09,503204.86,3494.48,144,18082.07,125.57,54,90,185.25,2024-08-09,2024-08-09,48.0,Neutral
2024-08-10,11339.29,128.86,88,0.0,0.0,87,1,50.08,2024-08-10,2024-08-10,40.0,Fear
2024-08-11,44230.21,1842.93,24,847.78,35.32,16,8,40.93,2024-08-11,2024-08-11,39.0,Fear
2024-08-12,54167.32,1128.49,48,858.67,17.89,39,9,36.07,2024-08-12,2024-08-12,25.0,Fear
2024-08-13,20797.87,904.26,23,212.08,9.22,20,3,17.93,2024-08-13,2024-08-13,31.0,Fear
2024-08-14,66710.03,2668.4,25,2168.9,86.76,19,6,46.49,2024-08-14,2024-08-14,30.0,Fear
2024-08-15,1522.37,126.86,12,0.0,0.0,12,0,16.5,2024-08-15,2024-08-15,29.0,Fear
2024-08-16,166382.84,4753.8,35,825.23,23.58,32,3,81.19,2024-08-16,2024-08-16,27.0,Fear
2024-08-17,30248.96,1008.3,30,-288.28,-9.61,29,1,17.1,2024-08-17,2024-08-17,25.0,Fear
2024-08-18,62804.48,4186.97,15,307.2,20.48,0,15,21.98,2024-08-18,2024-08-18,31.0,Fear
2024-08-19,100315.03,12539.38,8,339.7,42.46,3,5,35.11,2024-08-19,2024-08-19,28.0,Fear
2024-08-20,49914.8,4159.57,12,192.6,16.05,5,7,17.47,2024-08-20,2024-08-20,30.0,Fear
2024-08-21,104990.41,724.07,145,656.2,4.53,56,89,36.75,2024-08-21,2024-08-21,26.0,Fear
2024-08-23,63509.56,6350.96,10,1005.31,100.53,0,10,22.23,2024-08-23,2024-08-23,34.0,Fear
2024-08-24,34999.67,4999.95,7,0.0,0.0,0,7,12.25,2024-08-24,2024-08-24,56.0,Greed
2024-08-25,21950.28,1291.19,17,0.0,0.0,8,9,26.3,2024-08-25,2024-08-25,54.0,Neutral
2024-08-26,92611.27,15435.21,6,231.24,38.54,6,0,32.3,2024-08-26,2024-08-26,55.0,Greed
2024-08-27,70250.16,1405.0,50,0.0,0.0,49,1,52.05,2024-08-27,2024-08-27,48.0,Neutral
2024-08-28,71160.07,7906.67,9,1333.36,148.15,9,0,24.91,2024-08-28,2024-08-28,30.0,Fear
2024-08-29,9995.85,9995.85,1,0.0,0.0,0,1,3.5,2024-08-29,2024-08-29,29.0,Fear
2024-08-30,37233.24,6205.54,6,256.46,42.74,4,2,13.03,2024-08-30,2024-08-30,34.0,Fear
2024-08-31,107507.43,3161.98,34,10.88,0.32,11,23,39.96,2024-08-31,2024-08-31,29.0,Fear
2024-09-01,12359.68,1029.97,12,137.43,11.45,7,5,4.33,2024-09-01,2024-09-01,26.0,Fear
2024-09-02,30000.42,15000.21,2,0.0,0.0,2,0,10.5,2024-09-02,2024-09-02,26.0,Fear
2024-09-04,131480.97,3867.09,34,1065.79,31.35,31,3,63.57,2024-09-04,2024-09-04,27.0,Fear
2024-09-05,0.84,0.84,1,0.0,0.0,0,1,0.0,2024-09-05,2024-09-05,29.0,Fear
2024-09-06,39047.1,929.69,42,-1104.86,-26.31,4,38,13.67,2024-09-06,2024-09-06,22.0,Extreme Fear
2024-09-08,0.11,0.11,1,0.0,0.0,0,1,0.0,2024-09-08,2024-09-08,29.0,Fear
2024-09-09,4014.43,2007.22,2,0.0,0.0,2,0,34.91,2024-09-09,2024-09-09,26.0,Fear
2024-09-10,2547.28,849.09,3,-219.73,-73.24,1,2,7.29,2024-09-10,2024-09-10,33.0,Fear
2024-09-11,0.54,0.54,1,0.0,0.0,0,1,0.0,2024-09-11,2024-09-11,37.0,Fear
2024-09-14,1014.8,92.25,11,0.0,0.0,10,1,30.38,2024-09-14,2024-09-14,50.0,Neutral
2024-09-18,13633.5,94.02,145,-878.68,-6.06,11,134,31.73,2024-09-18,2024-09-18,45.0,Neutral
2024-09-19,1521.87,80.1,19,0.0,0.0,19,0,28.61,2024-09-19,2024-09-19,49.0,Neutral
2024-09-20,332873.38,20804.59,16,9585.03,599.06,3,13,109.32,2024-09-20,2024-09-20,54.0,Neutral
2024-09-21,165648.12,7202.09,23,36165.57,1572.42,0,23,57.98,2024-09-21,2024-09-21,54.0,Neutral
2024-09-22,19999.74,6666.58,3,0.0,0.0,3,0,7.0,2024-09-22,2024-09-22,52.0,Neutral
2024-09-23,40334.29,20167.14,2,334.76,167.38,1,1,14.12,2024-09-23,2024-09-23,50.0,Neutral
2024-09-24,7118.63,711.86,10,0.0,0.0,9,1,12.97,2024-09-24,2024-09-24,54.0,Neutral
2024-09-25,52754.13,5861.57,9,0.0,0.0,6,3,17.76,2024-09-25,2024-09-25,59.0,Greed
2024-09-26,113711.93,14213.99,8,439.81,54.98,0,8,31.35,2024-09-26,2024-09-26,50.0,Neutral
2024-09-27,126097.04,2251.73,56,0.0,0.0,0,56,37.5,2024-09-27,2024-09-27,61.0,Greed
2024-09-28,29199.21,7299.8,4,0.0,0.0,0,4,2.8,2024-09-28,2024-09-28,64.0,Greed
2024-09-30,214669.85,2025.19,106,2710.63,25.57,10,96,65.64,2024-09-30,2024-09-30,61.0,Greed
2024-10-01,139954.32,34988.58,4,0.0,0.0,4,0,48.98,2024-10-01,2024-10-01,50.0,Neutral
2024-10-02,99954.34,24988.58,4,0.0,0.0,4,0,34.98,2024-10-02,2024-10-02,42.0,Fear
2024-10-03,132935.69,14770.63,9,100.38,11.15,6,3,46.53,2024-10-03,2024-10-03,37.0,Fear
2024-10-04,0.34,0.34,1,0.0,0.0,0,1,0.0,2024-10-04,2024-10-04,41.0,Fear
2024-10-05,605605.74,16367.72,37,5767.16,155.87,9,28,211.96,2024-10-05,2024-10-05,49.0,Neutral
2024-10-06,300130.56,13642.3,22,130.49,5.93,6,16,105.05,2024-10-06,2024-10-06,50.0,Neutral
2024-10-07,219984.65,10475.46,21,0.0,0.0,0,21,76.99,2024-10-07,2024-10-07,50.0,Neutral
2024-10-08,434584.13,12071.78,36,5396.55,149.9,34,2,152.1,2024-10-08,2024-10-08,49.0,Neutral
2024-10-09,220399.93,15742.85,14,396.06,28.29,11,3,77.14,2024-10-09,2024-10-09,49.0,Neutral
2024-10-10,300024.34,18751.52,16,0.0,0.0,16,0,105.01,2024-10-10,2024-10-10,39.0,Fear
2024-10-11,488904.19,18804.01,26,8885.33,341.74,0,26,171.12,2024-10-11,2024-10-11,32.0,Fear
2024-10-12,159713.4,15971.34,10,541.55,54.16,7,3,55.9,2024-10-12,2024-10-12,49.0,Neutral
2024-10-13,60002.42,6000.24,10,0.0,0.0,10,0,21.0,2024-10-13,2024-10-13,50.0,Neutral
2024-10-14,61916.02,12383.2,5,1913.62,382.72,0,5,21.67,2024-10-14,2024-10-14,48.0,Neutral
2024-10-15,81173.36,11596.19,7,1170.23,167.18,3,4,28.41,2024-10-15,2024-10-15,65.0,Greed
2024-10-16,80229.17,7293.56,11,219.48,19.95,8,3,28.08,2024-10-16,2024-10-16,73.0,Greed
2024-10-17,140531.75,15614.64,9,36.11,4.01,7,2,49.19,2024-10-17,2024-10-17,71.0,Greed
2024-10-18,120331.43,20055.24,6,333.22,55.54,1,5,42.12,2024-10-18,2024-10-18,73.0,Greed
2024-10-19,99996.86,24999.22,4,0.0,0.0,4,0,35.0,2024-10-19,2024-10-19,72.0,Greed
2024-10-20,176447.86,1838.0,96,389.16,4.05,7,89,59.26,2024-10-20,2024-10-20,73.0,Greed
2024-10-21,324117.99,1873.51,173,2464.92,14.25,79,94,109.86,2024-10-21,2024-10-21,72.0,Greed
2024-10-22,60000.36,20000.12,3,0.0,0.0,3,0,21.0,2024-10-22,2024-10-22,70.0,Greed
2024-10-23,210006.07,11667.0,18,-46.49,-2.58,15,3,73.5,2024-10-23,2024-10-23,71.0,Greed
2024-10-25,427883.18,14262.77,30,13235.86,441.2,14,16,143.84,2024-10-25,2024-10-25,72.0,Greed
2024-10-27,90664.41,22666.1,4,666.66,166.67,0,4,31.73,2024-10-27,2024-10-27,74.0,Greed
2024-10-28,121495.25,9345.79,13,167.28,12.87,0,13,42.27,2024-10-28,2024-10-28,72.0,Greed
2024-10-29,613267.81,11571.09,53,801.17,15.12,3,50,214.64,2024-10-29,2024-10-29,72.0,Greed
2024-10-30,11830.85,473.23,25,9.15,0.37,8,17,3.6,2024-10-30,2024-10-30,77.0,Extreme Greed
2024-10-31,896173.36,18670.28,48,1214.04,25.29,42,6,312.71,2024-10-31,2024-10-31,77.0,Extreme Greed
2024-11-01,260981.03,11347.0,23,1040.48,45.24,13,10,90.65,2024-11-01,2024-11-01,75.0,Extreme Greed
2024-11-02,40000.0,20000.0,2,0.0,0.0,2,0,14.0,2024-11-02,2024-11-02,72.0,Greed
2024-11-03,129055.66,21509.28,6,0.0,0.0,6,0,40.4,2024-11-03,2024-11-03,74.0,Greed
2024-11-04,451811.97,12550.33,36,2799.41,77.76,13,23,158.13,2024-11-04,2024-11-04,70.0,Greed
2024-11-05,200627.23,20062.72,10,678.48,67.85,5,5,70.22,2024-11-05,2024-11-05,70.0,Greed
2024-11-06,123906.9,8260.46,15,2817.84,187.86,6,9,43.37,2024-11-06,2024-11-06,70.0,Greed
2024-11-07,111335.3,985.27,113,4493.35,39.76,53,60,26.18,2024-11-07,2024-11-07,77.0,Extreme Greed
2024-11-08,270700.44,6941.04,39,-64.41,-1.65,23,16,93.88,2024-11-08,2024-11-08,75.0,Extreme Greed
2024-11-09,193384.41,2248.66,86,102.91,1.2,53,33,66.18,2024-11-09,2024-11-09,75.0,Extreme Greed
2024-11-10,413636.7,2390.96,173,991.11,5.73,48,125,142.31,2024-11-10,2024-11-10,78.0,Extreme Greed
2024-11-11,1570572.42,4210.65,373,6749.63,18.1,94,279,396.91,2024-11-11,2024-11-11,76.0,Extreme Greed
2024-11-12,1226354.52,7171.66,171,3494.4,20.44,98,73,427.9,2024-11-12,2024-11-12,80.0,Extreme Greed
2024-11-13,515336.37,10736.17,48,7846.4,163.47,16,32,179.18,2024-11-13,2024-11-13,84.0,Extreme Greed
2024-11-14,1008361.81,9166.93,110,4563.51,41.49,82,28,335.03,2024-11-14,2024-11-14,88.0,Extreme Greed
2024-11-15,1427858.42,9582.94,149,4140.74,27.79,91,58,466.43,2024-11-15,2024-11-15,80.0,Extreme Greed
2024-11-16,303296.07,1931.82,157,2769.52,17.64,77,80,100.17,2024-11-16,2024-11-16,86.0,Extreme Greed
2024-11-17,1215987.57,5818.12,209,882.98,4.22,73,136,271.11,2024-11-17,2024-11-17,90.0,Extreme Greed
2024-11-18,2084339.58,6024.1,346,4470.82,12.92,125,221,445.1,2024-11-18,2024-11-18,83.0,Extreme Greed
2024-11-19,628031.15,2059.12,305,2958.27,9.7,160,145,201.49,2024-11-19,2024-11-19,90.0,Extreme Greed
2024-11-20,1999514.12,3635.48,550,4210.09,7.65,244,306,644.06,2024-11-20,2024-11-20,83.0,Extreme Greed
2024-11-21,598300.62,1118.32,535,1692.43,3.16,235,300,198.63,2024-11-21,2024-11-21,82.0,Extreme Greed
2024-11-22,1646713.62,2425.2,679,-18105.35,-26.66,327,352,436.44,2024-11-22,2024-11-22,94.0,Extreme Greed
2024-11-23,516245.68,1422.16,363,2901.53,7.99,150,213,154.62,2024-11-23,2024-11-23,93.0,Extreme Greed
2024-11-24,664952.28,3866.0,172,945.55,5.5,103,69,202.58,2024-11-24,2024-11-24,80.0,Extreme Greed
2024-11-25,937410.87,3676.12,255,5523.74,21.66,126,129,283.78,2024-11-25,2024-11-25,82.0,Extreme Greed
2024-11-26,1146902.44,3797.69,302,1094.81,3.63,197,105,311.3,2024-11-26,2024-11-26,79.0,Extreme Greed
2024-11-27,1444242.53,6780.48,213,-2654.5,-12.46,72,141,439.71,2024-11-27,2024-11-27,75.0,Extreme Greed
2024-11-28,1894225.15,5705.5,332,-127075.4,-382.76,207,125,315.58,2024-11-28,2024-11-28,77.0,Extreme Greed
2024-11-29,794262.91,2021.03,393,176844.99,449.99,148,245,192.45,2024-11-29,2024-11-29,78.0,Extreme Greed
2024-11-30,1732193.7,4643.95,373,37316.69,100.04,103,270,552.38,2024-11-30,2024-11-30,84.0,Extreme Greed
2024-12-01,814711.82,1958.44,416,40886.36,98.28,144,272,245.38,2024-12-01,2024-12-01,81.0,Extreme Greed
2024-12-02,585243.56,2167.57,270,18489.6,68.48,156,114,147.89,2024-12-02,2024-12-02,80.0,Extreme Greed
2024-12-03,1084666.53,2900.18,374,23576.54,63.04,170,204,330.57,2024-12-03,2024-12-03,76.0,Extreme Greed
2024-12-04,769287.65,2411.56,319,292891.82,918.16,96,223,172.61,2024-12-04,2024-12-04,78.0,Extreme Greed
2024-12-05,1256750.79,2756.03,456,71574.12,156.96,192,264,352.77,2024-12-05,2024-12-05,84.0,Extreme Greed
2024-12-06,3471019.22,8612.95,403,-92624.64,-229.84,205,198,691.99,2024-12-06,2024-12-06,72.0,Greed
2024-12-07,451733.42,1485.97,304,85906.28,282.59,110,194,108.45,2024-12-07,2024-12-07,75.0,Extreme Greed
2024-12-08,932939.72,2221.29,420,15965.93,38.01,82,338,234.18,2024-12-08,2024-12-08,79.0,Extreme Greed
2024-12-09,983949.68,1825.51,539,6310.97,11.71,455,84,174.77,2024-12-09,2024-12-09,78.0,Extreme Greed
2024-12-10,3150424.08,1973.95,1596,39325.77,24.64,530,1066,453.54,2024-12-10,2024-12-10,78.0,Extreme Greed
2024-12-11,2194098.33,1796.97,1221,319051.55,261.3,171,1050,413.51,2024-12-11,2024-12-11,74.0,Greed
2024-12-12,4557189.87,2358.79,1932,599151.8,310.12,421,1511,698.97,2024-12-12,2024-12-12,83.0,Extreme Greed
2024-12-13,2880824.64,2455.95,1173,31935.9,27.23,676,497,453.23,2024-12-13,2024-12-13,76.0,Extreme Greed
2024-12-14,2369561.78,1918.67,1235,167801.4,135.87,595,640,232.09,2024-12-14,2024-12-14,83.0,Extreme Greed
2024-12-15,2583269.81,1522.26,1697,97525.32,57.47,1131,566,231.33,2024-12-15,2024-12-15,80.0,Extreme Greed
2024-12-16,2740808.97,2597.92,1055,166774.34,158.08,423,632,402.15,2024-12-16,2024-12-16,83.0,Extreme Greed
2024-12-17,5233597.63,2696.34,1941,219591.31,113.13,851,1090,746.14,2024-12-17,2024-12-17,87.0,Extreme Greed
2024-12-18,3798887.07,2658.42,1429,13682.99,9.58,715,714,691.45,2024-12-18,2024-12-18,81.0,Extreme Greed
2024-12-19,8241709.39,2468.32,3339,62744.0,18.79,1201,2138,1056.23,2024-12-19,2024-12-19,75.0,Extreme Greed
2024-12-20,7681274.71,3087.33,2488,254969.66,102.48,1129,1359,1210.84,2024-12-20,2024-12-20,74.0,Greed
2024-12-21,4382875.12,2607.3,1681,150022.16,89.25,596,1085,680.39,2024-12-21,2024-12-21,73.0,Greed
2024-12-22,3087320.22,3988.79,774,352197.16,455.04,448,326,333.06,2024-12-22,2024-12-22,73.0,Greed
2024-12-23,6771878.26,2885.33,2347,-29430.63,-12.54,1036,1311,1200.9,2024-12-23,2024-12-23,70.0,Greed
2024-12-24,1767036.11,5227.92,338,14813.78,43.83,118,220,386.78,2024-12-24,2024-12-24,73.0,Greed
2024-12-25,347889.35,1672.54,208,756.66,3.64,86,122,66.52,2024-12-25,2024-12-25,73.0,Greed
2024-12-26,2205242.65,3163.91,697,60228.64,86.41,373,324,523.36,2024-12-26,2024-12-26,79.0,Extreme Greed
2024-12-27,347913.0,1338.13,260,2672.81,10.28,137,123,88.56,2024-12-27,2024-12-27,74.0,Greed
2024-12-28,281555.01,1748.79,161,940.67,5.84,57,104,48.41,2024-12-28,2024-12-28,72.0,Greed
2024-12-29,344628.54,1714.57,201,2884.07,14.35,69,132,72.12,2024-12-29,2024-12-29,73.0,Greed
2024-12-30,1073865.73,3532.45,304,9009.74,29.64,183,121,284.91,2024-12-30,2024-12-30,65.0,Greed
2024-12-31,877164.62,2866.55,306,5445.01,17.79,141,165,266.52,2024-12-31,2024-12-31,64.0,Greed
2025-01-01,282582.1,2943.56,96,-9528.07,-99.25,68,28,31.6,2025-01-01,2025-01-01,66.0,Greed
2025-01-02,774674.84,2145.91,361,8716.52,24.15,107,254,176.14,2025-01-02,2025-01-02,70.0,Greed
2025-01-03,771208.99,1518.13,508,6028.49,11.87,169,339,211.0,2025-01-03,2025-01-03,74.0,Greed
2025-01-04,1826029.62,4921.91,371,2553.54,6.88,76,295,233.71,2025-01-04,2025-01-04,73.0,Greed
2025-01-05,451943.57,1890.98,239,3187.72,13.34,65,174,139.34,2025-01-05,2025-01-05,72.0,Greed
2025-01-06,556526.99,971.25,573,6064.19,10.58,148,425,174.93,2025-01-06,2025-01-06,76.0,Extreme Greed
2025-01-07,1313178.1,2061.5,637,16098.23,25.27,562,75,303.39,2025-01-07,2025-01-07,78.0,Extreme Greed
2025-01-08,3177275.18,3058.01,1039,130117.09,125.23,745,294,696.91,2025-01-08,2025-01-08,70.0,Greed
2025-01-09,1020733.25,1955.43,522,46975.93,89.99,201,321,275.51,2025-01-09,2025-01-09,69.0,Greed
2025-01-10,6547449.68,7994.44,819,-10116.88,-12.35,366,453,2094.18,2025-01-10,2025-01-10,50.0,Neutral
2025-01-11,1658098.71,5859.01,283,2269.08,8.02,166,117,494.65,2025-01-11,2025-01-11,69.0,Greed
2025-01-12,2258459.17,3751.59,602,5742.24,9.54,81,521,612.08,2025-01-12,2025-01-12,62.0,Greed
2025-01-13,2936648.01,7197.67,408,9655.43,23.67,240,168,863.1,2025-01-13,2025-01-13,61.0,Greed
2025-01-14,876581.97,3187.57,275,16069.51,58.43,92,183,240.59,2025-01-14,2025-01-14,63.0,Greed
2025-01-15,1801599.89,6747.57,267,14819.59,55.5,93,174,513.61,2025-01-15,2025-01-15,70.0,Greed
2025-01-16,3049692.96,8220.2,371,20807.71,56.09,114,257,890.57,2025-01-16,2025-01-16,75.0,Extreme Greed
2025-01-17,1110230.46,4664.83,238,7006.42,29.44,95,143,351.41,2025-01-17,2025-01-17,75.0,Extreme Greed
2025-01-18,2711629.88,4165.33,651,443.23,0.68,353,298,815.93,2025-01-18,2025-01-18,77.0,Extreme Greed
2025-01-19,9715215.3,6199.88,1567,87923.8,56.11,841,726,2162.36,2025-01-19,2025-01-19,77.0,Extreme Greed
2025-01-20,8287327.01,6302.15,1315,87277.24,66.37,755,560,2207.66,2025-01-20,2025-01-20,76.0,Extreme Greed
2025-01-21,1523729.82,2874.96,530,11077.84,20.9,145,385,398.3,2025-01-21,2025-01-21,76.0,Extreme Greed
2025-01-22,1778406.43,2137.51,832,20524.41,24.67,297,535,471.17,2025-01-22,2025-01-22,84.0,Extreme Greed
2025-01-23,3697028.66,3035.33,1218,101256.24,83.13,561,657,1088.35,2025-01-23,2025-01-23,75.0,Extreme Greed
2025-01-24,1611433.45,1843.75,874,10602.78,12.13,358,516,338.64,2025-01-24,2025-01-24,75.0,Extreme Greed
2025-01-25,1239377.7,2449.36,506,-10348.02,-20.45,315,191,318.93,2025-01-25,2025-01-25,75.0,Extreme Greed
2025-01-26,1201173.66,2663.36,451,40823.47,90.52,176,275,382.26,2025-01-26,2025-01-26,73.0,Greed
2025-01-27,1508028.31,1950.88,773,41331.77,53.47,510,263,406.26,2025-01-27,2025-01-27,71.0,Greed
2025-01-28,579412.17,1163.48,498,17979.61,36.1,157,341,124.71,2025-01-28,2025-01-28,72.0,Greed
2025-01-29,1897513.41,2085.18,910,23421.01,25.74,438,472,612.52,2025-01-29,2025-01-29,72.0,Greed
2025-01-30,3014397.17,2825.11,1067,23097.47,21.65,267,800,874.65,2025-01-30,2025-01-30,70.0,Greed
2025-01-31,2783411.48,2739.58,1016,35868.3,35.3,323,693,670.94,2025-01-31,2025-01-31,76.0,Extreme Greed
2025-02-01,1363746.44,2151.02,634,32300.21,50.95,352,282,285.48,2025-02-01,2025-02-01,68.0,Greed
2025-02-02,5661092.29,4291.96,1319,162854.76,123.47,833,486,1184.12,2025-02-02,2025-02-02,60.0,Greed
2025-02-03,22592901.37,9492.82,2380,348871.33,146.58,1091,1289,2991.57,2025-02-03,2025-02-03,44.0,Fear
2025-02-04,15678409.27,6241.4,2512,416876.89,165.95,1143,1369,3853.78,2025-02-04,2025-02-04,72.0,Greed
2025-02-05,8743231.51,6741.12,1297,56706.24,43.72,689,608,1335.75,2025-02-05,2025-02-05,54.0,Neutral
2025-02-06,2818508.87,1655.03,1703,33803.8,19.85,1163,540,709.13,2025-02-06,2025-02-06,49.0,Neutral
2025-02-07,3460263.54,2270.51,1524,22450.0,14.73,957,567,738.09,2025-02-07,2025-02-07,44.0,Fear
2025-02-08,839734.97,1460.41,575,586.7,1.02,451,124,109.98,2025-02-08,2025-02-08,44.0,Fear
2025-02-09,2920919.7,3823.19,764,150551.83,197.06,428,336,427.36,2025-02-09,2025-02-09,46.0,Neutral
2025-02-10,3624958.44,4077.57,889,63908.49,71.89,360,529,491.36,2025-02-10,2025-02-10,43.0,Fear
2025-02-11,2797544.17,3298.99,848,-6093.78,-7.19,362,486,476.43,2025-02-11,2025-02-11,47.0,Neutral
2025-02-12,4143974.54,4019.37,1031,19848.64,19.25,406,625,1099.16,2025-02-12,2025-02-12,46.0,Neutral
2025-02-13,3199852.21,2335.66,1370,27829.53,20.31,593,777,823.49,2025-02-13,2025-02-13,50.0,Neutral
2025-02-14,4007103.42,2421.21,1655,213860.68,129.22,532,1123,961.58,2025-02-14,2025-02-14,48.0,Neutral
2025-02-15,1712852.95,1837.83,932,45042.93,48.33,573,359,374.09,2025-02-15,2025-02-15,50.0,Neutral
2025-02-16,806177.64,1183.81,681,2369.48,3.48,345,336,171.57,2025-02-16,2025-02-16,54.0,Neutral
2025-02-17,2031044.64,2158.39,941,1818.57,1.93,623,318,253.49,2025-02-17,2025-02-17,51.0,Neutral
2025-02-18,3371128.68,2011.41,1676,91204.67,54.42,1051,625,609.54,2025-02-18,2025-02-18,47.0,Neutral
2025-02-19,3263930.24,2398.19,1361,14985.79,11.01,864,497,688.49,2025-02-19,2025-02-19,44.0,Fear
2025-02-20,4628609.29,2300.5,2012,46008.79,22.87,788,1224,1232.46,2025-02-20,2025-02-20,49.0,Neutral
2025-02-21,3972159.88,2120.75,1873,119693.49,63.9,744,1129,829.72,2025-02-21,2025-02-21,55.0,Greed
2025-02-22,3175570.2,4629.11,686,25278.7,36.85,360,326,880.16,2025-02-22,2025-02-22,49.0,Neutral
2025-02-23,1141310.74,2194.83,520,10656.93,20.49,283,237,230.0,2025-02-23,2025-02-23,50.0,Neutral
2025-02-24,11223619.59,1998.51,5616,38470.18,6.85,3255,2361,2097.96,2025-02-24,2025-02-24,49.0,Neutral
2025-02-25,19414984.36,3108.39,6246,204762.18,32.78,4236,2010,3186.62,2025-02-25,2025-02-25,25.0,Fear
2025-02-26,4946958.13,4206.6,1176,63229.06,53.77,387,789,754.17,2025-02-26,2025-02-26,21.0,Extreme Fear
2025-02-27,1999898.43,2247.08,890,-36525.17,-41.04,406,484,512.15,2025-02-27,2025-02-27,10.0,Extreme Fear
2025-02-28,4123660.77,4046.77,1019,225628.11,221.42,530,489,878.4,2025-02-28,2025-02-28,16.0,Extreme Fear
2025-03-01,263824.13,1516.23,174,10596.11,60.9,105,69,37.06,2025-03-01,2025-03-01,20.0,Extreme Fear
2025-03-02,6460848.74,12144.45,532,66914.32,125.78,274,258,1931.7,2025-03-02,2025-03-02,26.0,Fear
2025-03-03,8244590.38,5563.15,1482,616413.03,415.93,1069,413,1040.56,2025-03-03,2025-03-03,33.0,Fear
2025-03-04,11124247.15,4631.24,2402,182075.57,75.8,1748,654,2220.34,2025-03-04,2025-03-04,15.0,Extreme Fear
2025-03-05,9193654.22,5538.35,1660,269328.37,162.25,375,1285,2321.32,2025-03-05,2025-03-05,20.0,Extreme Fear
2025-03-06,6765324.96,8901.74,760,16101.13,21.19,371,389,1306.62,2025-03-06,2025-03-06,25.0,Fear
2025-03-07,19854275.48,7779.89,2552,150236.06,58.87,1227,1325,4916.5,2025-03-07,2025-03-07,34.0,Fear
2025-03-08,892083.51,1686.36,529,24700.77,46.69,288,241,208.34,2025-03-08,2025-03-08,28.0,Fear
2025-03-09,10419697.99,7327.5,1422,19773.46,13.91,947,475,2377.06,2025-03-09,2025-03-09,27.0,Fear
2025-03-10,16811790.68,5775.26,2911,-10010.03,-3.44,1570,1341,3488.37,2025-03-10,2025-03-10,20.0,Extreme Fear
2025-03-11,14016952.09,4265.66,3286,-76880.73,-23.4,2120,1166,2441.08,2025-03-11,2025-03-11,24.0,Extreme Fear
2025-03-12,18618139.15,4692.07,3968,288105.98,72.61,1647,2321,3658.41,2025-03-12,2025-03-12,34.0,Fear
2025-03-13,3285591.22,3415.38,962,14114.87,14.67,468,494,809.19,2025-03-13,2025-03-13,45.0,Neutral
2025-03-14,8047187.16,3641.26,2210,68646.16,31.06,297,1913,1193.49,2025-03-14,2025-03-14,27.0,Fear
2025-03-15,2355749.54,9025.86,261,78694.62,301.51,154,107,574.33,2025-03-15,2025-03-15,46.0,Neutral
2025-03-16,10187921.51,19222.49,530,-7910.94,-14.93,304,226,2442.48,2025-03-16,2025-03-16,30.0,Fear
2025-03-17,3592895.05,3905.32,920,26163.91,28.44,483,437,807.74,2025-03-17,2025-03-17,32.0,Fear
2025-03-18,4050655.47,4856.9,834,72322.79,86.72,341,493,857.94,2025-03-18,2025-03-18,34.0,Fear
2025-03-19,4598813.57,2852.86,1612,29374.68,18.22,563,1049,784.49,2025-03-19,2025-03-19,32.0,Fear
2025-03-20,1652257.93,2143.01,771,10246.86,13.29,238,533,329.24,2025-03-20,2025-03-20,49.0,Neutral
2025-03-21,2543903.39,3644.56,698,6951.27,9.96,346,352,633.46,2025-03-21,2025-03-21,31.0,Fear
2025-03-22,971809.42,1816.47,535,12498.54,23.36,222,313,268.83,2025-03-22,2025-03-22,32.0,Fear
2025-03-23,2593519.67,5802.06,447,14047.42,31.43,290,157,597.22,2025-03-23,2025-03-23,30.0,Fear
2025-03-24,3017587.05,2938.25,1027,107878.96,105.04,213,814,531.11,2025-03-24,2025-03-24,45.0,Neutral
2025-03-25,5372519.77,6792.06,791,32030.91,40.49,422,369,1401.35,2025-03-25,2025-03-25,46.0,Neutral
2025-03-26,7597754.37,2449.31,3102,15802.17,5.09,1574,1528,1796.8,2025-03-26,2025-03-26,47.0,Neutral
2025-03-27,3240279.46,4127.74,785,58825.36,74.94,474,311,714.02,2025-03-27,2025-03-27,40.0,Fear
2025-03-28,1483092.61,2037.22,728,21337.18,29.31,533,195,389.28,2025-03-28,2025-03-28,44.0,Fear
2025-03-29,3668151.83,1936.72,1894,12098.87,6.39,997,897,839.84,2025-03-29,2025-03-29,26.0,Fear
2025-03-30,2850874.96,5019.15,568,15795.12,27.81,478,90,759.07,2025-03-30,2025-03-30,32.0,Fear
2025-03-31,2164772.47,4373.28,495,6978.18,14.1,214,281,482.0,2025-03-31,2025-03-31,34.0,Fear
2025-04-01,704445.19,3668.99,192,-2202.66,-11.47,92,100,162.94,2025-04-01,2025-04-01,34.0,Fear
2025-04-02,3867930.6,3594.73,1076,202212.74,187.93,128,948,1181.22,2025-04-02,2025-04-02,44.0,Fear
2025-04-03,8670233.15,4960.09,1748,-2365.96,-1.35,956,792,1337.12,2025-04-03,2025-04-03,25.0,Fear
2025-04-04,3835545.73,3015.37,1272,-25515.68,-20.06,499,773,836.06,2025-04-04,2025-04-04,28.0,Fear
2025-04-05,1267564.22,3521.01,360,35907.34,99.74,138,222,282.06,2025-04-05,2025-04-05,30.0,Fear
2025-04-06,3551252.06,3388.6,1048,47053.45,44.9,678,370,618.44,2025-04-06,2025-04-06,34.0,Fear
2025-04-07,14460253.14,5138.68,2814,34527.37,12.27,1415,1399,2766.56,2025-04-07,2025-04-07,23.0,Extreme Fear
2025-04-08,8869391.4,9405.51,943,34899.39,37.01,430,513,2274.98,2025-04-08,2025-04-08,24.0,Extreme Fear
2025-04-09,28556806.47,7198.59,3967,43120.44,10.87,1764,2203,6111.27,2025-04-09,2025-04-09,18.0,Extreme Fear
2025-04-10,28741953.29,13512.91,2127,158261.82,74.41,1137,990,6868.56,2025-04-10,2025-04-10,39.0,Fear
2025-04-11,11319327.07,10327.85,1096,126406.48,115.33,312,784,2174.44,2025-04-11,2025-04-11,25.0,Fear
2025-04-12,55914617.49,26512.38,2109,410419.69,194.6,800,1309,11517.6,2025-04-12,2025-04-12,43.0,Fear
2025-04-13,14171154.79,10727.6,1321,48696.02,36.86,739,582,2568.34,2025-04-13,2025-04-13,45.0,Neutral
2025-04-14,13079972.98,14696.6,890,45680.44,51.33,517,373,2023.16,2025-04-14,2025-04-14,31.0,Fear
2025-04-15,20752168.24,18348.51,1131,72357.71,63.98,344,787,1866.9,2025-04-15,2025-04-15,38.0,Fear
2025-04-16,36502715.9,22700.69,1608,58631.73,36.46,835,773,5997.62,2025-04-16,2025-04-16,29.0,Fear
2025-04-17,2604551.51,2526.24,1031,5427.92,5.26,341,690,519.21,2025-04-17,2025-04-17,30.0,Fear
2025-04-18,24610650.46,12994.01,1894,4880.4,2.58,755,1139,4667.33,2025-04-18,2025-04-18,33.0,Fear
2025-04-19,32706462.71,11739.58,2786,71950.58,25.83,999,1787,6480.63,2025-04-19,2025-04-19,32.0,Fear
2025-04-20,12126094.05,6118.11,1982,25060.34,12.64,1079,903,1887.33,2025-04-20,2025-04-20,37.0,Fear
2025-04-21,42104054.84,24507.6,1718,34369.27,20.01,604,1114,6356.09,2025-04-21,2025-04-21,39.0,Fear
2025-04-22,33753625.24,11258.71,2998,58652.76,19.56,1420,1578,5749.69,2025-04-22,2025-04-22,47.0,Neutral
2025-04-23,30682443.79,4981.72,6159,-419020.23,-68.03,4218,1941,7342.08,2025-04-23,2025-04-23,72.0,Greed
2025-04-24,35088918.64,15720.84,2232,50704.4,22.72,1223,1009,7366.5,2025-04-24,2025-04-24,63.0,Greed
2025-04-25,27749455.78,16787.33,1653,20218.86,12.23,681,972,6299.09,2025-04-25,2025-04-25,60.0,Greed
2025-04-26,11948127.77,10564.22,1131,-4125.75,-3.65,604,527,2652.31,2025-04-26,2025-04-26,65.0,Greed
2025-04-27,487537.69,1446.7,337,2702.07,8.02,209,128,55.93,2025-04-27,2025-04-27,61.0,Greed
2025-04-28,26124921.49,18944.83,1379,36906.81,26.76,652,727,6007.25,2025-04-28,2025-04-28,54.0,Neutral
2025-04-29,34089511.66,15198.18,2243,125749.61,56.06,1105,1138,5149.3,2025-04-29,2025-04-29,60.0,Greed
2025-04-30,12693878.85,11405.1,1113,14003.8,12.58,838,275,2950.18,2025-04-30,2025-04-30,56.0,Greed
2025-05-01,10720240.52,8715.64,1230,54536.83,44.34,686,544,2652.61,2025-05-01,2025-05-01,53.0,Neutral
